dx_citrullinemia,ASS1 Deficiency
dx_citrullinemia,ASS1 mutation
dx_citrullinemia,ASS1 pathogenic
dx_citrullinemia,ASS1 variant
dx_citrullinemia,ASS1 gene mutation
dx_citrullinemia,Argininosuccinate Synthase Deficiency
dx_citrullinemia,Argininosuccinate Synthetase Deficiency
dx_citrullinemia,Argininosuccinate Synthase 1 Deficiency
dx_citrullinemia,Argininosuccinic Acid Synthetase Deficiency
dx_citrullinemia,Citrullinemia
dx_citrullinemia,Citrullinemia Type 1
dx_citrullinemia,Citrullinemia Type I
dx_citrullinemia,Classic Citrullinemia
dx_citrullinemia,Classical Citrullinemia
dx_citrullinemia,CTLN1
dx_citrullinemia,CTLN 1
dx_citrullinemia,Citrullinemia 1
dx_citrullinemia,Citrullinemia I
dx_citrullinemia,Hypercitrullinemia due to ASS1 deficiency
dx_citrullinemia,Hyperammonemia due to ASS1 deficiency
dx_cps1_deficiency,CPS1 deficiency
dx_cps1_deficiency,CPS1D
dx_cps1_deficiency,CPS I deficiency
dx_cps1_deficiency,CPS-1 deficiency
dx_cps1_deficiency,CPS1 mutation
dx_cps1_deficiency,CPS1 pathogenic
dx_cps1_deficiency,CPS1 variant
dx_cps1_deficiency,CPS1 gene mutation
dx_cps1_deficiency,Carbamoyl phosphate synthetase I deficiency
dx_cps1_deficiency,Carbamoyl phosphate synthetase 1 deficiency
dx_cps1_deficiency,Carbamoyl phosphate synthase I deficiency
dx_cps1_deficiency,Carbamoyl phosphate synthase 1 deficiency
dx_cps1_deficiency,Carbamoyl-phosphate synthetase I deficiency
dx_cps1_deficiency,Carbamoyl-phosphate synthetase 1 deficiency
dx_cps1_deficiency,Carbamoyl-phosphate synthase I deficiency
dx_cps1_deficiency,Carbamoyl-phosphate synthase 1 deficiency
dx_cps1_deficiency,Carbamoylphosphate synthetase I deficiency
dx_cps1_deficiency,Carbamoylphosphate synthetase 1 deficiency
dx_cps1_deficiency,Carbamoylphosphate synthase I deficiency
dx_cps1_deficiency,Carbamoylphosphate synthase 1 deficiency
dx_cps1_deficiency,Carbamyl phosphate synthetase I deficiency
dx_cps1_deficiency,Carbamyl phosphate synthetase 1 deficiency
dx_cps1_deficiency,Carbamyl phosphate synthase I deficiency
dx_cps1_deficiency,Carbamyl phosphate synthase 1 deficiency
dx_cps1_deficiency,Carbamyl-phosphate synthetase I deficiency
dx_cps1_deficiency,Carbamyl-phosphate synthetase 1 deficiency
dx_cps1_deficiency,Carbamyl-phosphate synthase I deficiency
dx_cps1_deficiency,Carbamyl-phosphate synthase 1 deficiency
dx_cps1_deficiency,Carbamylphosphate synthetase I deficiency
dx_cps1_deficiency,Carbamylphosphate synthetase 1 deficiency
dx_cps1_deficiency,Carbamylphosphate synthase I deficiency
dx_cps1_deficiency,Carbamylphosphate synthase 1 deficiency
dx_cps1_deficiency,Hyperammonemia due to CPS1 deficiency
dx_cps1_deficiency,Hyperammonemia due to carbamoyl phosphate synthetase deficiency
dx_cps1_deficiency,Hyperammonemia type I
dx_cps1_deficiency,Hyperammonemia type 1
dx_cpt1_deficiency,CPT1 deficiency
dx_cpt1_deficiency,CPT I deficiency
dx_cpt1_deficiency,CPT-1 deficiency
dx_cpt1_deficiency,CPT1A deficiency
dx_cpt1_deficiency,CPT IA deficiency
dx_cpt1_deficiency,CPT-IA deficiency
dx_cpt1_deficiency,CPT1AD
dx_cpt1_deficiency,Carnitine palmitoyltransferase I deficiency
dx_cpt1_deficiency,Carnitine palmitoyltransferase 1 deficiency
dx_cpt1_deficiency,Carnitine palmitoyl-transferase I deficiency
dx_cpt1_deficiency,Carnitine palmitoyl-transferase 1 deficiency
dx_cpt1_deficiency,Carnitine palmitoyl transferase I deficiency
dx_cpt1_deficiency,Carnitine palmitoyl transferase 1 deficiency
dx_cpt1_deficiency,Carnitine palmitoyltransferase IA deficiency
dx_cpt1_deficiency,Carnitine palmitoyltransferase 1A deficiency
dx_cpt1_deficiency,Carnitine palmitoyl-transferase IA deficiency
dx_cpt1_deficiency,Carnitine palmitoyl-transferase 1A deficiency
dx_cpt1_deficiency,Carnitine palmitoyl transferase IA deficiency
dx_cpt1_deficiency,Carnitine palmitoyl transferase 1A deficiency
dx_cpt1_deficiency,Hepatic carnitine palmitoyltransferase I deficiency
dx_cpt1_deficiency,Hepatic carnitine palmitoyltransferase 1 deficiency
dx_cpt1_deficiency,Hepatic carnitine palmitoyltransferase 1A deficiency
dx_cpt1_deficiency,Liver carnitine palmitoyltransferase I deficiency
dx_cpt1_deficiency,Liver carnitine palmitoyltransferase 1 deficiency
dx_cpt1_deficiency,CPT1A mutation
dx_cpt1_deficiency,CPT1A pathogenic
dx_cpt1_deficiency,CPT1A variant
dx_cpt1_deficiency,CPT1A gene mutation
dx_galactosemia,Galactosemia
dx_galactosemia,Classic galactosemia
dx_galactosemia,Classical galactosemia
dx_galactosemia,Galactosemia type 1
dx_galactosemia,Galactosemia type I
dx_galactosemia,Type 1 galactosemia
dx_galactosemia,Type I galactosemia
dx_galactosemia,GALT deficiency
dx_galactosemia,GALT mutation
dx_galactosemia,GALT pathogenic
dx_galactosemia,GALT variant
dx_galactosemia,GALT gene mutation
dx_galactosemia,Galactose-1-phosphate uridyltransferase deficiency
dx_galactosemia,Galactose 1 phosphate uridyltransferase deficiency
dx_galactosemia,Galactose-1-phosphate uridylyltransferase deficiency
dx_galactosemia,Galactose 1 phosphate uridylyltransferase deficiency
dx_galactosemia,Galactose-1-P uridyltransferase deficiency
dx_galactosemia,Galactose 1 P uridyltransferase deficiency
dx_galactosemia,Gal-1-P uridyltransferase deficiency
dx_galactosemia,Galactose phosphate uridyltransferase deficiency
dx_galactosemia,Galactose phosphate uridylyltransferase deficiency
dx_galactosemia,UDP glucose hexose-1-phosphate uridylyltransferase deficiency
dx_galactosemia,UDP-glucose hexose-1-phosphate uridylyltransferase deficiency
dx_gaucher_disease,Gaucher disease
dx_gaucher_disease,Gaucher's disease
dx_gaucher_disease,Gaucher syndrome
dx_gaucher_disease,Gaucher's syndrome
dx_gaucher_disease,Gaucher disease type 1
dx_gaucher_disease,Gaucher disease type I
dx_gaucher_disease,Gaucher's disease type 1
dx_gaucher_disease,Gaucher's disease type I
dx_gaucher_disease,Type 1 Gaucher disease
dx_gaucher_disease,Type I Gaucher disease
dx_gaucher_disease,GD1
dx_gaucher_disease,Gaucher disease type 2
dx_gaucher_disease,Gaucher disease type II
dx_gaucher_disease,Type 2 Gaucher disease
dx_gaucher_disease,Type II Gaucher disease
dx_gaucher_disease,GD2
dx_gaucher_disease,Gaucher disease type 3
dx_gaucher_disease,Gaucher disease type III
dx_gaucher_disease,Type 3 Gaucher disease
dx_gaucher_disease,Type III Gaucher disease
dx_gaucher_disease,GD3
dx_gaucher_disease,Non neuronopathic Gaucher disease
dx_gaucher_disease,Non-neuronopathic Gaucher disease
dx_gaucher_disease,Acute neuronopathic Gaucher disease
dx_gaucher_disease,Chronic neuronopathic Gaucher disease
dx_gaucher_disease,Glucocerebrosidase deficiency
dx_gaucher_disease,Acid beta glucosidase deficiency
dx_gaucher_disease,Acid beta-glucosidase deficiency
dx_gaucher_disease,Beta glucocerebrosidase deficiency
dx_gaucher_disease,Beta-glucocerebrosidase deficiency
dx_gaucher_disease,Glucosylceramidase beta deficiency
dx_gaucher_disease,GBA deficiency
dx_gaucher_disease,GBA1 deficiency
dx_gaucher_disease,GBA mutation
dx_gaucher_disease,GBA pathogenic
dx_gaucher_disease,GBA variant
dx_gaucher_disease,GBA gene mutation
dx_gaucher_disease,GBA1 mutation
dx_gaucher_disease,GBA1 pathogenic
dx_gaucher_disease,GBA1 variant
dx_gaucher_disease,GBA1 gene mutation
dx_glycogen_storage_disease_type_1,Glycogen storage disease type 1
dx_glycogen_storage_disease_type_1,Glycogen storage disease type I
dx_glycogen_storage_disease_type_1,Glycogen storage disease 1
dx_glycogen_storage_disease_type_1,Glycogen storage disease I
dx_glycogen_storage_disease_type_1,GSD type 1
dx_glycogen_storage_disease_type_1,GSD type I
dx_glycogen_storage_disease_type_1,GSD 1
dx_glycogen_storage_disease_type_1,GSD I
dx_glycogen_storage_disease_type_1,GSD1
dx_glycogen_storage_disease_type_1,GSDI
dx_glycogen_storage_disease_type_1,Glycogenosis type 1
dx_glycogen_storage_disease_type_1,Glycogenosis type I
dx_glycogen_storage_disease_type_1,Von Gierke disease
dx_glycogen_storage_disease_type_1,Von Gierke's disease
dx_glycogen_storage_disease_type_1,Gierke disease
dx_glycogen_storage_disease_type_1,Gierke's disease
dx_glycogen_storage_disease_type_1,Glucose-6-phosphatase deficiency
dx_glycogen_storage_disease_type_1,Glucose 6 phosphatase deficiency
dx_glycogen_storage_disease_type_1,Glucose-6-phosphatase-alpha deficiency
dx_glycogen_storage_disease_type_1,Glucose 6 phosphatase alpha deficiency
dx_glycogen_storage_disease_type_1,G6Pase deficiency
dx_glycogen_storage_disease_type_1,G6PC deficiency
dx_glycogen_storage_disease_type_1,G6PC mutation
dx_glycogen_storage_disease_type_1,G6PC pathogenic
dx_glycogen_storage_disease_type_1,G6PC variant
dx_glycogen_storage_disease_type_1,G6PC gene mutation
dx_glycogen_storage_disease_type_1,Glycogen storage disease type 1a
dx_glycogen_storage_disease_type_1,Glycogen storage disease type Ia
dx_glycogen_storage_disease_type_1,Glycogen storage disease 1a
dx_glycogen_storage_disease_type_1,Glycogen storage disease Ia
dx_glycogen_storage_disease_type_1,GSD type 1a
dx_glycogen_storage_disease_type_1,GSD type Ia
dx_glycogen_storage_disease_type_1,GSD 1a
dx_glycogen_storage_disease_type_1,GSD Ia
dx_glycogen_storage_disease_type_1,GSD1a
dx_glycogen_storage_disease_type_1,GSDIa
dx_glycogen_storage_disease_type_1,Von Gierke disease type 1a
dx_glycogen_storage_disease_type_1,Von Gierke disease type Ia
dx_glycogen_storage_disease_type_1,Von Gierke's disease type 1a
dx_glycogen_storage_disease_type_1,Von Gierke's disease type Ia
dx_glycogen_storage_disease_type_1,Glycogen storage disease type 1b
dx_glycogen_storage_disease_type_1,Glycogen storage disease type Ib
dx_glycogen_storage_disease_type_1,Glycogen storage disease 1b
dx_glycogen_storage_disease_type_1,Glycogen storage disease Ib
dx_glycogen_storage_disease_type_1,GSD type 1b
dx_glycogen_storage_disease_type_1,GSD type Ib
dx_glycogen_storage_disease_type_1,GSD 1b
dx_glycogen_storage_disease_type_1,GSD Ib
dx_glycogen_storage_disease_type_1,GSD1b
dx_glycogen_storage_disease_type_1,GSDIb
dx_glycogen_storage_disease_type_1,Von Gierke disease type 1b
dx_glycogen_storage_disease_type_1,Von Gierke disease type Ib
dx_glycogen_storage_disease_type_1,Von Gierke's disease type 1b
dx_glycogen_storage_disease_type_1,Von Gierke's disease type Ib
dx_glycogen_storage_disease_type_1,Glucose-6-phosphate translocase deficiency
dx_glycogen_storage_disease_type_1,Glucose 6 phosphate translocase deficiency
dx_glycogen_storage_disease_type_1,Glucose-6-phosphate transporter deficiency
dx_glycogen_storage_disease_type_1,Glucose 6 phosphate transporter deficiency
dx_glycogen_storage_disease_type_1,G6PT deficiency
dx_glycogen_storage_disease_type_1,SLC37A4 deficiency
dx_glycogen_storage_disease_type_1,SLC37A4 mutation
dx_glycogen_storage_disease_type_1,SLC37A4 pathogenic
dx_glycogen_storage_disease_type_1,SLC37A4 variant
dx_glycogen_storage_disease_type_1,SLC37A4 gene mutation
dx_glycogen_storage_disease_type_2,Glycogen storage disease type 2
dx_glycogen_storage_disease_type_2,Glycogen storage disease type II
dx_glycogen_storage_disease_type_2,Glycogen storage disease 2
dx_glycogen_storage_disease_type_2,Glycogen storage disease II
dx_glycogen_storage_disease_type_2,GSD type 2
dx_glycogen_storage_disease_type_2,GSD type II
dx_glycogen_storage_disease_type_2,GSD 2
dx_glycogen_storage_disease_type_2,GSD II
dx_glycogen_storage_disease_type_2,GSD2
dx_glycogen_storage_disease_type_2,GSDII
dx_glycogen_storage_disease_type_2,Glycogenosis type 2
dx_glycogen_storage_disease_type_2,Glycogenosis type II
dx_glycogen_storage_disease_type_2,Pompe disease
dx_glycogen_storage_disease_type_2,Pompe's disease
dx_glycogen_storage_disease_type_2,Pompe disorder
dx_glycogen_storage_disease_type_2,Pompe syndrome
dx_glycogen_storage_disease_type_2,Infantile Pompe disease
dx_glycogen_storage_disease_type_2,Infantile-onset Pompe disease
dx_glycogen_storage_disease_type_2,Infantile onset Pompe disease
dx_glycogen_storage_disease_type_2,IOPD
dx_glycogen_storage_disease_type_2,Late onset Pompe disease
dx_glycogen_storage_disease_type_2,Late-onset Pompe disease
dx_glycogen_storage_disease_type_2,LOPD
dx_glycogen_storage_disease_type_2,Acid maltase deficiency
dx_glycogen_storage_disease_type_2,Acid alpha glucosidase deficiency
dx_glycogen_storage_disease_type_2,Acid alpha-glucosidase deficiency
dx_glycogen_storage_disease_type_2,Alpha glucosidase deficiency
dx_glycogen_storage_disease_type_2,Alpha-glucosidase deficiency
dx_glycogen_storage_disease_type_2,Lysosomal alpha glucosidase deficiency
dx_glycogen_storage_disease_type_2,Lysosomal alpha-glucosidase deficiency
dx_glycogen_storage_disease_type_2,GAA deficiency
dx_glycogen_storage_disease_type_2,GAA mutation
dx_glycogen_storage_disease_type_2,GAA pathogenic
dx_glycogen_storage_disease_type_2,GAA variant
dx_glycogen_storage_disease_type_2,GAA gene mutation
dx_glycogen_storage_disease_type_3,Glycogen storage disease type 3
dx_glycogen_storage_disease_type_3,Glycogen storage disease type III
dx_glycogen_storage_disease_type_3,Glycogen storage disease 3
dx_glycogen_storage_disease_type_3,Glycogen storage disease III
dx_glycogen_storage_disease_type_3,GSD type 3
dx_glycogen_storage_disease_type_3,GSD type III
dx_glycogen_storage_disease_type_3,GSD 3
dx_glycogen_storage_disease_type_3,GSD III
dx_glycogen_storage_disease_type_3,GSD3
dx_glycogen_storage_disease_type_3,GSDIII
dx_glycogen_storage_disease_type_3,Glycogenosis type 3
dx_glycogen_storage_disease_type_3,Glycogenosis type III
dx_glycogen_storage_disease_type_3,Cori disease
dx_glycogen_storage_disease_type_3,Cori's disease
dx_glycogen_storage_disease_type_3,Forbes disease
dx_glycogen_storage_disease_type_3,Forbes' disease
dx_glycogen_storage_disease_type_3,Cori-Forbes disease
dx_glycogen_storage_disease_type_3,Forbes-Cori disease
dx_glycogen_storage_disease_type_3,Limit dextrinosis
dx_glycogen_storage_disease_type_3,Debrancher deficiency
dx_glycogen_storage_disease_type_3,Glycogen debrancher deficiency
dx_glycogen_storage_disease_type_3,Glycogen debranching enzyme deficiency
dx_glycogen_storage_disease_type_3,Amylo-1,6-glucosidase deficiency
dx_glycogen_storage_disease_type_3,Amylo 1,6 glucosidase deficiency
dx_glycogen_storage_disease_type_3,Amylo-1,6-glucosidase, 4-alpha-glucanotransferase deficiency
dx_glycogen_storage_disease_type_3,Amylo 1,6 glucosidase 4 alpha glucanotransferase deficiency
dx_glycogen_storage_disease_type_3,AGL deficiency
dx_glycogen_storage_disease_type_3,AGL mutation
dx_glycogen_storage_disease_type_3,AGL pathogenic
dx_glycogen_storage_disease_type_3,AGL variant
dx_glycogen_storage_disease_type_3,AGL gene mutation
dx_glycogen_storage_disease_type_3,Glycogen storage disease type 3a
dx_glycogen_storage_disease_type_3,Glycogen storage disease type IIIa
dx_glycogen_storage_disease_type_3,Glycogen storage disease 3a
dx_glycogen_storage_disease_type_3,Glycogen storage disease IIIa
dx_glycogen_storage_disease_type_3,GSD type 3a
dx_glycogen_storage_disease_type_3,GSD type IIIa
dx_glycogen_storage_disease_type_3,GSD 3a
dx_glycogen_storage_disease_type_3,GSD IIIa
dx_glycogen_storage_disease_type_3,GSD3a
dx_glycogen_storage_disease_type_3,GSDIIIa
dx_glycogen_storage_disease_type_3,Glycogen storage disease type 3b
dx_glycogen_storage_disease_type_3,Glycogen storage disease type IIIb
dx_glycogen_storage_disease_type_3,Glycogen storage disease 3b
dx_glycogen_storage_disease_type_3,Glycogen storage disease IIIb
dx_glycogen_storage_disease_type_3,GSD type 3b
dx_glycogen_storage_disease_type_3,GSD type IIIb
dx_glycogen_storage_disease_type_3,GSD 3b
dx_glycogen_storage_disease_type_3,GSD IIIb
dx_glycogen_storage_disease_type_3,GSD3b
dx_glycogen_storage_disease_type_3,GSDIIIb
dx_glycogen_storage_disease_type_4,Glycogen storage disease type 4
dx_glycogen_storage_disease_type_4,Glycogen storage disease type IV
dx_glycogen_storage_disease_type_4,Glycogen storage disease 4
dx_glycogen_storage_disease_type_4,Glycogen storage disease IV
dx_glycogen_storage_disease_type_4,GSD type 4
dx_glycogen_storage_disease_type_4,GSD type IV
dx_glycogen_storage_disease_type_4,GSD 4
dx_glycogen_storage_disease_type_4,GSD IV
dx_glycogen_storage_disease_type_4,GSD4
dx_glycogen_storage_disease_type_4,GSDIV
dx_glycogen_storage_disease_type_4,Glycogenosis type 4
dx_glycogen_storage_disease_type_4,Glycogenosis type IV
dx_glycogen_storage_disease_type_4,Andersen disease
dx_glycogen_storage_disease_type_4,Andersen's disease
dx_glycogen_storage_disease_type_4,Andersen glycogenosis
dx_glycogen_storage_disease_type_4,Andersen's glycogenosis
dx_glycogen_storage_disease_type_4,Amylopectinosis
dx_glycogen_storage_disease_type_4,Glycogen branching enzyme deficiency
dx_glycogen_storage_disease_type_4,Glycogen-branching enzyme deficiency
dx_glycogen_storage_disease_type_4,Branching enzyme deficiency
dx_glycogen_storage_disease_type_4,Glycogen brancher deficiency
dx_glycogen_storage_disease_type_4,1,4-alpha-glucan branching enzyme deficiency
dx_glycogen_storage_disease_type_4,1,4 alpha glucan branching enzyme deficiency
dx_glycogen_storage_disease_type_4,Alpha-1,4-glucan branching enzyme deficiency
dx_glycogen_storage_disease_type_4,Alpha 1,4 glucan branching enzyme deficiency
dx_glycogen_storage_disease_type_4,GBE deficiency
dx_glycogen_storage_disease_type_4,GBE1 deficiency
dx_glycogen_storage_disease_type_4,GBE1 mutation
dx_glycogen_storage_disease_type_4,GBE1 pathogenic
dx_glycogen_storage_disease_type_4,GBE1 variant
dx_glycogen_storage_disease_type_4,GBE1 gene mutation
dx_glycogen_storage_disease_type_4,Hepatic glycogen storage disease type 4
dx_glycogen_storage_disease_type_4,Hepatic glycogen storage disease type IV
dx_glycogen_storage_disease_type_4,Neuromuscular glycogen storage disease type 4
dx_glycogen_storage_disease_type_4,Neuromuscular glycogen storage disease type IV
dx_glycogen_storage_disease_type_4,Perinatal glycogen storage disease type 4
dx_glycogen_storage_disease_type_4,Perinatal glycogen storage disease type IV
dx_glycogen_storage_disease_type_4,Fatal perinatal neuromuscular glycogen storage disease
dx_glycogen_storage_disease_type_4,Congenital neuromuscular glycogen storage disease type 4
dx_glycogen_storage_disease_type_4,Congenital neuromuscular glycogen storage disease type IV
dx_glycogen_storage_disease_type_4,Adult polyglucosan body disease
dx_glycogen_storage_disease_type_4,APBD
dx_homocystinuria,Homocystinuria
dx_homocystinuria,Classic homocystinuria
dx_homocystinuria,Classical homocystinuria
dx_homocystinuria,Homocystinuria type 1
dx_homocystinuria,Homocystinuria type I
dx_homocystinuria,Type 1 homocystinuria
dx_homocystinuria,Type I homocystinuria
dx_homocystinuria,CBS deficiency
dx_homocystinuria,CBS mutation
dx_homocystinuria,CBS pathogenic
dx_homocystinuria,CBS variant
dx_homocystinuria,CBS gene mutation
dx_homocystinuria,CBS-related homocystinuria
dx_homocystinuria,Cystathionine beta synthase deficiency
dx_homocystinuria,Cystathionine beta-synthase deficiency
dx_homocystinuria,Cystathionine-beta-synthase deficiency
dx_homocystinuria,Cystathionine β synthase deficiency
dx_homocystinuria,Cystathionine β-synthase deficiency
dx_homocystinuria,Cystathionine-beta-synthase deficient homocystinuria
dx_homocystinuria,Cystathionine beta synthase deficient homocystinuria
dx_homocystinuria,Homocystinuria due to cystathionine beta synthase deficiency
dx_homocystinuria,Homocystinuria due to cystathionine beta-synthase deficiency
dx_homocystinuria,Homocystinuria due to CBS deficiency
dx_homocystinuria,Pyridoxine responsive homocystinuria
dx_homocystinuria,Pyridoxine-responsive homocystinuria
dx_homocystinuria,Pyridoxine nonresponsive homocystinuria
dx_homocystinuria,Pyridoxine-nonresponsive homocystinuria
dx_homocystinuria,B6 responsive homocystinuria
dx_homocystinuria,B6-responsive homocystinuria
dx_homocystinuria,B6 nonresponsive homocystinuria
dx_homocystinuria,B6-nonresponsive homocystinuria
dx_maple_syrup_urine_disease,Maple syrup urine disease
dx_maple_syrup_urine_disease,Maple-syrup urine disease
dx_maple_syrup_urine_disease,Maple syrup urine disorder
dx_maple_syrup_urine_disease,Maple-syrup urine disorder
dx_maple_syrup_urine_disease,MSUD
dx_maple_syrup_urine_disease,Classic MSUD
dx_maple_syrup_urine_disease,Classical MSUD
dx_maple_syrup_urine_disease,Classic maple syrup urine disease
dx_maple_syrup_urine_disease,Classical maple syrup urine disease
dx_maple_syrup_urine_disease,Intermediate MSUD
dx_maple_syrup_urine_disease,Intermediate maple syrup urine disease
dx_maple_syrup_urine_disease,Intermittent MSUD
dx_maple_syrup_urine_disease,Intermittent maple syrup urine disease
dx_maple_syrup_urine_disease,Thiamine responsive MSUD
dx_maple_syrup_urine_disease,Thiamine-responsive MSUD
dx_maple_syrup_urine_disease,Thiamine responsive maple syrup urine disease
dx_maple_syrup_urine_disease,Thiamine-responsive maple syrup urine disease
dx_maple_syrup_urine_disease,E3 deficient MSUD
dx_maple_syrup_urine_disease,E3-deficient MSUD
dx_maple_syrup_urine_disease,E3 deficient maple syrup urine disease
dx_maple_syrup_urine_disease,E3-deficient maple syrup urine disease
dx_maple_syrup_urine_disease,MSUD type 1
dx_maple_syrup_urine_disease,MSUD type I
dx_maple_syrup_urine_disease,MSUD type 2
dx_maple_syrup_urine_disease,MSUD type II
dx_maple_syrup_urine_disease,MSUD type 3
dx_maple_syrup_urine_disease,MSUD type III
dx_maple_syrup_urine_disease,Branched chain ketoaciduria
dx_maple_syrup_urine_disease,Branched-chain ketoaciduria
dx_maple_syrup_urine_disease,Branched chain keto aciduria
dx_maple_syrup_urine_disease,Branched-chain keto-aciduria
dx_maple_syrup_urine_disease,Branched chain 2-ketoacid dehydrogenase deficiency
dx_maple_syrup_urine_disease,Branched-chain 2-ketoacid dehydrogenase deficiency
dx_maple_syrup_urine_disease,Branched chain alpha ketoacid dehydrogenase deficiency
dx_maple_syrup_urine_disease,Branched-chain alpha-ketoacid dehydrogenase deficiency
dx_maple_syrup_urine_disease,Branched chain alpha keto acid dehydrogenase deficiency
dx_maple_syrup_urine_disease,Branched-chain alpha-keto acid dehydrogenase deficiency
dx_maple_syrup_urine_disease,BCKD deficiency
dx_maple_syrup_urine_disease,BCKDH deficiency
dx_maple_syrup_urine_disease,BCKDC deficiency
dx_maple_syrup_urine_disease,BCKDHA mutation
dx_maple_syrup_urine_disease,BCKDHA pathogenic
dx_maple_syrup_urine_disease,BCKDHA variant
dx_maple_syrup_urine_disease,BCKDHA gene mutation
dx_maple_syrup_urine_disease,BCKDHB mutation
dx_maple_syrup_urine_disease,BCKDHB pathogenic
dx_maple_syrup_urine_disease,BCKDHB variant
dx_maple_syrup_urine_disease,BCKDHB gene mutation
dx_maple_syrup_urine_disease,DBT mutation
dx_maple_syrup_urine_disease,DBT pathogenic
dx_maple_syrup_urine_disease,DBT variant
dx_maple_syrup_urine_disease,DBT gene mutation
dx_maple_syrup_urine_disease,DLD deficiency
dx_maple_syrup_urine_disease,DLD mutation
dx_maple_syrup_urine_disease,DLD pathogenic
dx_maple_syrup_urine_disease,DLD variant
dx_maple_syrup_urine_disease,DLD gene mutation
dx_maple_syrup_urine_disease,Dihydrolipoamide dehydrogenase deficiency
dx_molybdenum_cofactor_deficiency,Molybdenum cofactor deficiency
dx_molybdenum_cofactor_deficiency,Molybdenum cofactor deficiency type A
dx_molybdenum_cofactor_deficiency,Molybdenum cofactor deficiency type B
dx_molybdenum_cofactor_deficiency,Molybdenum cofactor deficiency type C
dx_molybdenum_cofactor_deficiency,Molybdenum cofactor deficiency type D
dx_molybdenum_cofactor_deficiency,MoCD
dx_molybdenum_cofactor_deficiency,MoCo deficiency
dx_molybdenum_cofactor_deficiency,MOCOD
dx_molybdenum_cofactor_deficiency,Molybdenum cofactor biosynthesis disorder
dx_molybdenum_cofactor_deficiency,Molybdenum cofactor biosynthetic disorder
dx_molybdenum_cofactor_deficiency,Molybdenum cofactor synthesis defect
dx_molybdenum_cofactor_deficiency,Molybdenum cofactor synthesis deficiency
dx_molybdenum_cofactor_deficiency,Sulfite oxidase deficiency due to molybdenum cofactor deficiency
dx_molybdenum_cofactor_deficiency,Combined sulfite oxidase deficiency
dx_molybdenum_cofactor_deficiency,Combined deficiency of sulfite oxidase and xanthine dehydrogenase
dx_molybdenum_cofactor_deficiency,MOCS1 deficiency
dx_molybdenum_cofactor_deficiency,MOCS1 mutation
dx_molybdenum_cofactor_deficiency,MOCS1 pathogenic
dx_molybdenum_cofactor_deficiency,MOCS1 variant
dx_molybdenum_cofactor_deficiency,MOCS1 gene mutation
dx_molybdenum_cofactor_deficiency,Molybdenum cofactor deficiency due to MOCS1 deficiency
dx_molybdenum_cofactor_deficiency,Molybdenum cofactor deficiency type A due to MOCS1 deficiency
dx_molybdenum_cofactor_deficiency,MOCS2 deficiency
dx_molybdenum_cofactor_deficiency,MOCS2 mutation
dx_molybdenum_cofactor_deficiency,MOCS2 pathogenic
dx_molybdenum_cofactor_deficiency,MOCS2 variant
dx_molybdenum_cofactor_deficiency,MOCS2 gene mutation
dx_molybdenum_cofactor_deficiency,Molybdenum cofactor deficiency due to MOCS2 deficiency
dx_molybdenum_cofactor_deficiency,Molybdenum cofactor deficiency type B due to MOCS2 deficiency
dx_molybdenum_cofactor_deficiency,GPHN deficiency
dx_molybdenum_cofactor_deficiency,GPHN mutation
dx_molybdenum_cofactor_deficiency,GPHN pathogenic
dx_molybdenum_cofactor_deficiency,GPHN variant
dx_molybdenum_cofactor_deficiency,GPHN gene mutation
dx_molybdenum_cofactor_deficiency,Molybdenum cofactor deficiency due to GPHN deficiency
dx_molybdenum_cofactor_deficiency,Molybdenum cofactor deficiency type C due to GPHN deficiency
dx_molybdenum_cofactor_deficiency,MOCS3 deficiency
dx_molybdenum_cofactor_deficiency,MOCS3 mutation
dx_molybdenum_cofactor_deficiency,MOCS3 pathogenic
dx_molybdenum_cofactor_deficiency,MOCS3 variant
dx_molybdenum_cofactor_deficiency,MOCS3 gene mutation
dx_molybdenum_cofactor_deficiency,Molybdenum cofactor deficiency due to MOCS3 deficiency
dx_molybdenum_cofactor_deficiency,Molybdenum cofactor deficiency type D due to MOCS3 deficiency
dx_nags_deficiency,NAGS deficiency
dx_nags_deficiency,NAGS mutation
dx_nags_deficiency,NAGS pathogenic
dx_nags_deficiency,NAGS variant
dx_nags_deficiency,NAGS gene mutation
dx_nags_deficiency,N-acetylglutamate synthase deficiency
dx_nags_deficiency,N acetylglutamate synthase deficiency
dx_nags_deficiency,N-acetyl-glutamate synthase deficiency
dx_nags_deficiency,N-acetyl glutamate synthase deficiency
dx_nags_deficiency,N-acetylglutamate synthetase deficiency
dx_nags_deficiency,N acetylglutamate synthetase deficiency
dx_nags_deficiency,N-acetyl-glutamate synthetase deficiency
dx_nags_deficiency,N-acetyl glutamate synthetase deficiency
dx_nags_deficiency,N-acetylglutamic acid synthase deficiency
dx_nags_deficiency,N acetylglutamic acid synthase deficiency
dx_nags_deficiency,N-acetylglutamic acid synthetase deficiency
dx_nags_deficiency,N acetylglutamic acid synthetase deficiency
dx_nags_deficiency,NAG synthase deficiency
dx_nags_deficiency,NAG synthetase deficiency
dx_nags_deficiency,N-acetylglutamate deficiency
dx_nags_deficiency,N acetylglutamate deficiency
dx_nags_deficiency,N-acetyl-glutamate deficiency
dx_nags_deficiency,N-acetyl glutamate deficiency
dx_nags_deficiency,Carbamoyl phosphate synthetase activator deficiency
dx_nags_deficiency,Carbamyl phosphate synthetase activator deficiency
dx_nags_deficiency,Hyperammonemia due to NAGS deficiency
dx_nags_deficiency,Hyperammonemia due to N-acetylglutamate synthase deficiency
dx_nags_deficiency,Hyperammonemia due to N acetylglutamate synthase deficiency
dx_nags_deficiency,Hyperammonemia due to N-acetylglutamate synthetase deficiency
dx_nags_deficiency,NAGS-related hyperammonemia
dx_nags_deficiency,NAGS related hyperammonemia
dx_nags_deficiency,NAGS-related urea cycle disorder
dx_nags_deficiency,NAGS related urea cycle disorder
dx_niemann_pick_disease,Niemann Pick disease
dx_niemann_pick_disease,Niemann-Pick disease
dx_niemann_pick_disease,Niemann Pick disorder
dx_niemann_pick_disease,Niemann-Pick disorder
dx_niemann_pick_disease,Niemann Pick syndrome
dx_niemann_pick_disease,Niemann-Pick syndrome
dx_niemann_pick_disease,Niemann Pick storage disease
dx_niemann_pick_disease,Niemann-Pick storage disease
dx_niemann_pick_disease,Niemann Pick disease type A
dx_niemann_pick_disease,Niemann-Pick disease type A
dx_niemann_pick_disease,Niemann Pick disease type B
dx_niemann_pick_disease,Niemann-Pick disease type B
dx_niemann_pick_disease,Niemann Pick disease type AB
dx_niemann_pick_disease,Niemann-Pick disease type AB
dx_niemann_pick_disease,Niemann Pick disease type A/B
dx_niemann_pick_disease,Niemann-Pick disease type A/B
dx_niemann_pick_disease,NPD type A
dx_niemann_pick_disease,NPD-A
dx_niemann_pick_disease,NPD type B
dx_niemann_pick_disease,NPD-B
dx_niemann_pick_disease,NPD type AB
dx_niemann_pick_disease,NPD-AB
dx_niemann_pick_disease,Acid sphingomyelinase deficiency
dx_niemann_pick_disease,Acid sphingomyelinase-deficiency
dx_niemann_pick_disease,Acid sphingomyelinase deficient Niemann Pick disease
dx_niemann_pick_disease,Acid sphingomyelinase-deficient Niemann-Pick disease
dx_niemann_pick_disease,ASMD
dx_niemann_pick_disease,ASMD type A
dx_niemann_pick_disease,ASMD type B
dx_niemann_pick_disease,ASMD type A/B
dx_niemann_pick_disease,Sphingomyelinase deficiency
dx_niemann_pick_disease,SMPD1 deficiency
dx_niemann_pick_disease,SMPD1 mutation
dx_niemann_pick_disease,SMPD1 pathogenic
dx_niemann_pick_disease,SMPD1 variant
dx_niemann_pick_disease,SMPD1 gene mutation
dx_niemann_pick_disease,Niemann Pick disease type C
dx_niemann_pick_disease,Niemann-Pick disease type C
dx_niemann_pick_disease,Niemann Pick type C
dx_niemann_pick_disease,Niemann-Pick type C
dx_niemann_pick_disease,NPD type C
dx_niemann_pick_disease,NPD-C
dx_niemann_pick_disease,NPC disease
dx_niemann_pick_disease,NPC1 disease
dx_niemann_pick_disease,NPC2 disease
dx_niemann_pick_disease,Niemann Pick disease type C1
dx_niemann_pick_disease,Niemann-Pick disease type C1
dx_niemann_pick_disease,Niemann Pick disease type C2
dx_niemann_pick_disease,Niemann-Pick disease type C2
dx_niemann_pick_disease,Niemann Pick disease due to NPC1 deficiency
dx_niemann_pick_disease,Niemann-Pick disease due to NPC1 deficiency
dx_niemann_pick_disease,Niemann Pick disease due to NPC2 deficiency
dx_niemann_pick_disease,Niemann-Pick disease due to NPC2 deficiency
dx_niemann_pick_disease,NPC1 deficiency
dx_niemann_pick_disease,NPC1 mutation
dx_niemann_pick_disease,NPC1 pathogenic
dx_niemann_pick_disease,NPC1 variant
dx_niemann_pick_disease,NPC1 gene mutation
dx_niemann_pick_disease,NPC2 deficiency
dx_niemann_pick_disease,NPC2 mutation
dx_niemann_pick_disease,NPC2 pathogenic
dx_niemann_pick_disease,NPC2 variant
dx_niemann_pick_disease,NPC2 gene mutation
dx_niemann_pick_disease,Niemann Pick disease type D
dx_niemann_pick_disease,Niemann-Pick disease type D
dx_niemann_pick_disease,NPD type D
dx_niemann_pick_disease,NPD-D
dx_phenylketonuria,Phenylketonuria
dx_phenylketonuria,Phenylketonuria disease
dx_phenylketonuria,PKU
dx_phenylketonuria,Classic PKU
dx_phenylketonuria,Classical PKU
dx_phenylketonuria,Classic phenylketonuria
dx_phenylketonuria,Classical phenylketonuria
dx_phenylketonuria,Mild PKU
dx_phenylketonuria,Mild phenylketonuria
dx_phenylketonuria,Variant PKU
dx_phenylketonuria,Variant phenylketonuria
dx_phenylketonuria,Phenylalanine hydroxylase deficiency
dx_phenylketonuria,Phenylalanine-hydroxylase deficiency
dx_phenylketonuria,PAH deficiency
dx_phenylketonuria,PAH mutation
dx_phenylketonuria,PAH pathogenic
dx_phenylketonuria,PAH variant
dx_phenylketonuria,PAH gene mutation
dx_phenylketonuria,PAH-related phenylketonuria
dx_phenylketonuria,PAH related phenylketonuria
dx_phenylketonuria,PAH-related hyperphenylalaninemia
dx_phenylketonuria,PAH related hyperphenylalaninemia
dx_phenylketonuria,Hyperphenylalaninemia due to PAH deficiency
dx_phenylketonuria,Hyperphenylalaninemia due to phenylalanine hydroxylase deficiency
dx_phenylketonuria,Hyperphenylalaninaemia due to PAH deficiency
dx_phenylketonuria,Hyperphenylalaninaemia due to phenylalanine hydroxylase deficiency
dx_tyrosinemia_type_1,Tyrosinemia type 1
dx_tyrosinemia_type_1,Tyrosinemia type I
dx_tyrosinemia_type_1,Tyrosinaemia type 1
dx_tyrosinemia_type_1,Tyrosinaemia type I
dx_tyrosinemia_type_1,Type 1 tyrosinemia
dx_tyrosinemia_type_1,Type I tyrosinemia
dx_tyrosinemia_type_1,Type 1 tyrosinaemia
dx_tyrosinemia_type_1,Type I tyrosinaemia
dx_tyrosinemia_type_1,Hereditary tyrosinemia type 1
dx_tyrosinemia_type_1,Hereditary tyrosinemia type I
dx_tyrosinemia_type_1,Hereditary tyrosinaemia type 1
dx_tyrosinemia_type_1,Hereditary tyrosinaemia type I
dx_tyrosinemia_type_1,Hepatorenal tyrosinemia
dx_tyrosinemia_type_1,Hepatorenal tyrosinaemia
dx_tyrosinemia_type_1,Hepatorenal tyrosinemia type 1
dx_tyrosinemia_type_1,Hepatorenal tyrosinemia type I
dx_tyrosinemia_type_1,Hepatorenal tyrosinaemia type 1
dx_tyrosinemia_type_1,Hepatorenal tyrosinaemia type I
dx_tyrosinemia_type_1,HT1
dx_tyrosinemia_type_1,HT-1
dx_tyrosinemia_type_1,FAH deficiency
dx_tyrosinemia_type_1,FAH mutation
dx_tyrosinemia_type_1,FAH pathogenic
dx_tyrosinemia_type_1,FAH variant
dx_tyrosinemia_type_1,FAH gene mutation
dx_tyrosinemia_type_1,FAH-related tyrosinemia
dx_tyrosinemia_type_1,FAH related tyrosinemia
dx_tyrosinemia_type_1,Fumarylacetoacetate hydrolase deficiency
dx_tyrosinemia_type_1,Fumarylacetoacetate-hydrolase deficiency
dx_tyrosinemia_type_1,Fumaryl acetoacetate hydrolase deficiency
dx_tyrosinemia_type_1,Fumaryl-acetoacetate hydrolase deficiency
dx_tyrosinemia_type_1,Fumarylacetoacetic acid hydrolase deficiency
dx_tyrosinemia_type_1,Fumarylacetoacetase deficiency
dx_tyrosinemia_type_1,Tyrosinemia due to fumarylacetoacetate hydrolase deficiency
dx_tyrosinemia_type_1,Tyrosinemia due to FAH deficiency
dx_tyrosinemia_type_1,Succinylacetone elevation
dx_tyrosinemia_type_1,Elevated succinylacetone
dx_urea_cycle_disorders,Urea cycle disorder
dx_urea_cycle_disorders,Urea cycle disorders
dx_urea_cycle_disorders,Urea-cycle disorder
dx_urea_cycle_disorders,Urea-cycle disorders
dx_urea_cycle_disorders,UCD
dx_urea_cycle_disorders,UCDs
dx_urea_cycle_disorders,Urea cycle defect
dx_urea_cycle_disorders,Urea cycle defects
dx_urea_cycle_disorders,Urea-cycle defect
dx_urea_cycle_disorders,Urea-cycle defects
dx_urea_cycle_disorders,Disorder of the urea cycle
dx_urea_cycle_disorders,Disorders of the urea cycle
dx_urea_cycle_disorders,Defect of the urea cycle
dx_urea_cycle_disorders,Defects of the urea cycle
dx_urea_cycle_disorders,Inborn error of the urea cycle
dx_urea_cycle_disorders,Inborn errors of the urea cycle
dx_urea_cycle_disorders,Inborn error of urea synthesis
dx_urea_cycle_disorders,Inborn errors of urea synthesis
dx_urea_cycle_disorders,Urea synthesis disorder
dx_urea_cycle_disorders,Urea synthesis disorders
dx_urea_cycle_disorders,Urea synthesis defect
dx_urea_cycle_disorders,Urea synthesis defects
dx_urea_cycle_disorders,Primary hyperammonemia
dx_urea_cycle_disorders,Primary hyperammonaemia
dx_urea_cycle_disorders,Hyperammonemia due to urea cycle disorder
dx_urea_cycle_disorders,Hyperammonemia due to urea-cycle disorder
dx_urea_cycle_disorders,Hyperammonemia due to urea cycle defect
dx_urea_cycle_disorders,Hyperammonemia due to urea-cycle defect
dx_urea_cycle_disorders,Hyperammonemic encephalopathy due to urea cycle disorder
dx_urea_cycle_disorders,Hyperammonemic encephalopathy due to urea-cycle disorder
dx_urea_cycle_disorders,NAGS deficiency
dx_urea_cycle_disorders,NAGS mutation
dx_urea_cycle_disorders,NAGS pathogenic
dx_urea_cycle_disorders,NAGS variant
dx_urea_cycle_disorders,NAGS gene mutation
dx_urea_cycle_disorders,N-acetylglutamate synthase deficiency
dx_urea_cycle_disorders,N acetylglutamate synthase deficiency
dx_urea_cycle_disorders,Carbamoyl phosphate synthetase I deficiency
dx_urea_cycle_disorders,Carbamoyl phosphate synthetase 1 deficiency
dx_urea_cycle_disorders,Carbamoyl phosphate synthase I deficiency
dx_urea_cycle_disorders,Carbamoyl phosphate synthase 1 deficiency
dx_urea_cycle_disorders,CPS1 deficiency
dx_urea_cycle_disorders,CPS1D
dx_urea_cycle_disorders,CPS I deficiency
dx_urea_cycle_disorders,CPS-1 deficiency
dx_urea_cycle_disorders,CPS1 mutation
dx_urea_cycle_disorders,CPS1 pathogenic
dx_urea_cycle_disorders,CPS1 variant
dx_urea_cycle_disorders,CPS1 gene mutation
dx_urea_cycle_disorders,Ornithine transcarbamylase deficiency
dx_urea_cycle_disorders,Ornithine carbamoyltransferase deficiency
dx_urea_cycle_disorders,OTC deficiency
dx_urea_cycle_disorders,OTC deficient
dx_urea_cycle_disorders,OTCD
dx_urea_cycle_disorders,OTC mutation
dx_urea_cycle_disorders,OTC pathogenic
dx_urea_cycle_disorders,OTC variant
dx_urea_cycle_disorders,OTC gene mutation
dx_urea_cycle_disorders,Citrullinemia type 1
dx_urea_cycle_disorders,Citrullinemia type I
dx_urea_cycle_disorders,Citrullinaemia type 1
dx_urea_cycle_disorders,Citrullinaemia type I
dx_urea_cycle_disorders,Classic citrullinemia
dx_urea_cycle_disorders,Classical citrullinemia
dx_urea_cycle_disorders,Argininosuccinate synthase deficiency
dx_urea_cycle_disorders,Argininosuccinate synthetase deficiency
dx_urea_cycle_disorders,ASS1 deficiency
dx_urea_cycle_disorders,ASS1 mutation
dx_urea_cycle_disorders,ASS1 pathogenic
dx_urea_cycle_disorders,ASS1 variant
dx_urea_cycle_disorders,ASS1 gene mutation
dx_urea_cycle_disorders,Argininosuccinic aciduria
dx_urea_cycle_disorders,Argininosuccinic acidemia
dx_urea_cycle_disorders,Argininosuccinic acid lyase deficiency
dx_urea_cycle_disorders,Argininosuccinate lyase deficiency
dx_urea_cycle_disorders,Argininosuccinase deficiency
dx_urea_cycle_disorders,ASL deficiency
dx_urea_cycle_disorders,ASL mutation
dx_urea_cycle_disorders,ASL pathogenic
dx_urea_cycle_disorders,ASL variant
dx_urea_cycle_disorders,ASL gene mutation
dx_urea_cycle_disorders,Arginase deficiency
dx_urea_cycle_disorders,Arginase 1 deficiency
dx_urea_cycle_disorders,ARG1 deficiency
dx_urea_cycle_disorders,ARG1 mutation
dx_urea_cycle_disorders,ARG1 pathogenic
dx_urea_cycle_disorders,ARG1 variant
dx_urea_cycle_disorders,ARG1 gene mutation
dx_urea_cycle_disorders,Hyperargininemia
dx_urea_cycle_disorders,Hyperargininaemia
dx_urea_cycle_disorders,HHH syndrome
dx_urea_cycle_disorders,Hyperornithinemia hyperammonemia homocitrullinuria syndrome
dx_urea_cycle_disorders,Hyperornithinemia-hyperammonemia-homocitrullinuria syndrome
dx_urea_cycle_disorders,Hyperornithinaemia hyperammonaemia homocitrullinuria syndrome
dx_urea_cycle_disorders,Ornithine transporter deficiency
dx_urea_cycle_disorders,SLC25A15 deficiency
dx_urea_cycle_disorders,SLC25A15 mutation
dx_urea_cycle_disorders,SLC25A15 pathogenic
dx_urea_cycle_disorders,SLC25A15 variant
dx_urea_cycle_disorders,SLC25A15 gene mutation